{
  "PatchName": "JAG Common Layout",
  "AuthorName": "Migush",
  "TargetName": "common.szs",
  "ID": "Themezer:37fa5b25-5e90-4879-a215-81a16080c445-common|",
  "Ready8X": true,
  "Files": [
    {
      "FileName": "blyt/FooterAll.bflyt",
      "Patches": [
        {
          "PaneName": "L_Line_00",
          "Position": {
            "X": 55,
            "Y": 72,
            "Z": 0
          }
        },
        {
          "PaneName": "L_Line_01",
          "Position": {
            "X": 55,
            "Y": 72,
            "Z": 0
          }
        },
        {
          "PaneName": "L_Line_02",
          "Position": {
            "X": 55,
            "Y": 72,
            "Z": 0
          }
        },
        {
          "PaneName": "L_Ctrl",
          "Position": {
            "X": 200,
            "Y": 0,
            "Z": 0
          }
        }
      ]
    },
    {
      "FileName": "blyt/LineFooter.bflyt",
      "Patches": [
        {
          "PaneName": "P_Line",
          "Size": {
            "X": 1110,
            "Y": 2
          },
          "UsdPatches": [
            {
              "PropName": "S_RoundRadius",
              "PropValues": [
                "100"
              ],
              "type": 2
            }
          ]
        }
      ]
    }
  ]
}